GROUP,PACKAGE,CLASS,INSTRUCTION_MISSED,INSTRUCTION_COVERED,BRANCH_MISSED,BRANCH_COVERED,LINE_MISSED,LINE_COVERED,COMPLEXITY_MISSED,COMPLEXITY_COVERED,METHOD_MISSED,METHOD_COVERED
user-management-platform,es.ibm.usermanagement.interceptor,SearchUserValidationInterceptor,65,0,14,0,15,0,10,0,3,0
user-management-platform,es.ibm.usermanagement.exception.custom,InvalidParamException,10,0,0,0,4,0,2,0,2,0
user-management-platform,es.ibm.usermanagement.exception.custom,UserAlreadyExistsException,0,4,0,0,0,2,0,1,0,1
user-management-platform,es.ibm.usermanagement.exception.custom,AsyncTaskFailureException,9,0,0,0,4,0,2,0,2,0
user-management-platform,es.ibm.usermanagement.exception.custom,UserNotFoundExeption,0,4,0,0,0,2,0,1,0,1
user-management-platform,es.ibm.usermanagement.config,WebConfig,19,0,0,0,6,0,2,0,2,0
user-management-platform,es.ibm.usermanagement.controller,UserController,29,0,0,0,6,0,4,0,4,0
user-management-platform,es.ibm.usermanagement.repository.spec,UserSpecifications,29,6,4,0,5,2,5,2,3,2
user-management-platform,es.ibm.usermanagement.exception.handler,GlobalExceptionHandler,156,0,0,0,32,0,7,0,7,0
user-management-platform,es.ibm.usermanagement,UserManagementApplication,8,0,0,0,3,0,2,0,2,0
user-management-platform,es.ibm.usermanagement.service.impl,CreateUserService,44,0,0,0,14,0,3,0,3,0
user-management-platform,es.ibm.usermanagement.service.impl,UserServiceImpl.new ListenableFutureCallback() {...},30,0,0,0,5,0,3,0,3,0
user-management-platform,es.ibm.usermanagement.service.impl,UserServiceImpl,19,79,1,3,4,18,1,6,0,5
user-management-platform,es.ibm.usermanagement.mapper,IUserMapperImpl,81,0,4,0,21,0,5,0,3,0
